source,target
0,0
0,431
0,680
0,208
0,998
1,1
1,641
1,519
1,741
1,171
2,2
2,277
2,438
2,292
2,849
3,3
3,950
3,820
3,359
3,445
4,4
4,374
4,378
4,709
4,73
5,5
5,755
5,934
5,65
5,949
6,6
6,632
6,437
6,132
6,319
7,7
7,312
7,612
7,281
7,311
8,8
8,173
8,774
8,605
8,682
9,9
9,469
9,82
9,303
9,576
10,10
10,338
10,321
10,565
10,17
11,11
11,136
11,659
11,643
11,465
12,12
12,582
12,236
12,182
12,217
13,13
13,257
13,393
13,475
13,936
14,14
14,770
14,482
14,920
14,983
15,15
15,924
15,295
15,867
15,844
16,16
16,917
16,874
16,391
16,419
17,17
17,816
17,829
17,304
17,880
18,18
18,231
18,755
18,65
18,973
19,19
19,293
19,92
19,118
19,183
20,20
20,323
20,160
20,51
20,725
21,21
21,805
21,143
21,703
21,885
22,22
22,239
22,720
22,372
22,707
23,23
23,265
23,446
23,633
23,430
24,24
24,585
24,743
24,622
24,545
25,25
25,863
25,701
25,315
25,687
26,26
26,825
26,77
26,206
26,881
27,27
27,616
27,939
27,584
27,900
28,28
28,567
28,260
28,505
28,344
29,29
29,648
29,263
29,273
29,960
30,30
30,845
30,784
30,814
30,734
31,31
31,114
31,91
31,57
31,326
32,32
32,590
32,368
32,140
32,314
33,33
33,837
33,428
33,790
33,280
34,34
34,463
34,96
34,202
34,396
35,35
35,484
35,700
35,945
35,449
36,36
36,887
36,653
36,251
36,292
37,37
37,915
37,860
37,123
37,291
38,38
38,298
38,74
38,308
38,831
39,39
39,416
39,960
39,486
39,933
40,40
40,314
40,586
40,742
40,203
41,41
41,870
41,627
41,636
41,119
42,42
42,822
42,873
42,532
42,692
43,43
43,343
43,760
43,121
43,994
44,44
44,335
44,88
44,759
44,643
45,45
45,309
45,199
45,203
45,851
46,46
46,627
46,132
46,437
46,6
47,47
47,395
47,911
47,871
47,948
48,48
48,524
48,441
48,716
48,965
49,49
49,673
49,387
49,375
49,951
50,50
50,568
50,876
50,802
50,58
51,51
51,802
51,248
51,876
51,160
52,52
52,340
52,792
52,319
52,618
53,53
53,297
53,883
53,490
53,135
54,54
54,449
54,118
54,183
54,700
55,55
55,410
55,748
55,812
55,839
56,56
56,347
56,76
56,687
56,670
57,57
57,113
57,31
57,313
57,114
58,58
58,568
58,496
58,50
58,439
59,59
59,259
59,854
59,929
59,453
60,60
60,213
60,650
60,246
60,390
61,61
61,302
61,354
61,942
61,592
62,62
62,713
62,679
62,691
62,843
63,63
63,995
63,738
63,614
63,576
64,64
64,910
64,383
64,591
64,232
65,65
65,949
65,755
65,895
65,231
66,66
66,812
66,839
66,176
66,771
67,67
67,791
67,222
67,591
67,232
68,68
68,125
68,779
68,184
68,361
69,69
69,909
69,278
69,209
69,456
70,70
70,645
70,530
70,595
70,523
71,71
71,772
71,583
71,285
71,588
72,72
72,164
72,489
72,127
72,600
73,73
73,332
73,709
73,186
73,378
74,74
74,298
74,38
74,283
74,514
75,75
75,966
75,508
75,733
75,500
76,76
76,347
76,756
76,56
76,626
77,77
77,26
77,825
77,206
77,881
78,78
78,195
78,307
78,137
78,146
79,79
79,746
79,492
79,759
79,990
80,80
80,954
80,174
80,106
80,525
81,81
81,478
81,827
81,515
81,247
82,82
82,469
82,9
82,303
82,576
83,83
83,836
83,126
83,189
83,162
84,84
84,150
84,646
84,941
84,424
85,85
85,963
85,529
85,288
85,994
86,86
86,806
86,106
86,542
86,129
87,87
87,655
87,928
87,632
87,229
88,88
88,643
88,659
88,335
88,669
89,89
89,904
89,539
89,807
89,337
90,90
90,862
90,198
90,497
90,896
91,91
91,351
91,114
91,642
91,31
92,92
92,398
92,348
92,19
92,750
93,93
93,532
93,539
93,744
93,42
94,94
94,190
94,509
94,756
94,471
95,95
95,505
95,262
95,903
95,361
96,96
96,396
96,202
96,34
96,598
97,97
97,761
97,330
97,730
97,864
98,98
98,885
98,336
98,703
98,922
99,99
99,494
99,721
99,233
99,708
100,100
100,654
100,768
100,358
100,528
101,101
101,797
101,252
101,906
101,881
102,102
102,685
102,427
102,365
102,414
103,103
103,864
103,730
103,330
103,761
104,104
104,776
104,903
104,262
104,95
105,105
105,110
105,553
105,458
105,193
106,106
106,542
106,80
106,525
106,954
107,107
107,744
107,450
107,337
107,474
108,108
108,534
108,836
108,604
108,189
109,109
109,968
109,984
109,999
109,144
110,110
110,553
110,105
110,458
110,660
111,111
111,884
111,992
111,401
111,717
112,112
112,742
112,925
112,882
112,368
113,113
113,57
113,714
113,830
113,377
114,114
114,31
114,91
114,351
114,824
115,115
115,432
115,385
115,704
115,137
116,116
116,459
116,605
116,682
116,774
117,117
117,543
117,955
117,861
117,316
118,118
118,54
118,183
118,449
118,700
119,119
119,728
119,425
119,41
119,627
120,120
120,706
120,691
120,843
120,133
121,121
121,466
121,43
121,406
121,936
122,122
122,570
122,562
122,624
122,492
123,123
123,989
123,860
123,840
123,698
124,124
124,584
124,266
124,934
124,900
125,125
125,68
125,779
125,184
125,185
126,126
126,792
126,83
126,937
126,403
127,127
127,950
127,3
127,72
127,164
128,128
128,181
128,981
128,609
128,499
129,129
129,806
129,754
129,86
129,498
130,130
130,409
130,421
130,148
130,681
131,131
131,382
131,518
131,798
131,569
132,132
132,46
132,636
132,627
132,279
133,133
133,843
133,691
133,706
133,120
134,134
134,833
134,388
134,763
134,412
135,135
135,490
135,297
135,53
135,481
136,136
136,659
136,643
136,11
136,88
137,137
137,195
137,385
137,78
137,432
138,138
138,674
138,229
138,369
138,928
139,139
139,623
139,578
139,637
139,535
140,140
140,32
140,590
140,368
140,204
141,141
141,355
141,167
141,533
141,971
142,142
142,908
142,785
142,904
142,221
143,143
143,21
143,688
143,805
143,703
144,144
144,984
144,226
144,811
144,476
145,145
145,834
145,964
145,666
145,447
146,146
146,918
146,163
146,723
146,307
147,147
147,468
147,982
147,638
147,637
148,148
148,409
148,130
148,421
148,152
149,149
149,905
149,410
149,331
149,595
150,150
150,84
150,941
150,646
150,465
151,151
151,688
151,922
151,703
151,143
152,152
152,420
152,322
152,148
152,409
153,153
153,719
153,869
153,472
153,355
154,154
154,176
154,415
154,66
154,225
155,155
155,952
155,705
155,953
155,389
156,156
156,647
156,613
156,220
156,675
157,157
157,318
157,269
157,499
157,609
158,158
158,856
158,558
158,798
158,518
159,159
159,985
159,276
159,891
159,242
160,160
160,323
160,20
160,51
160,471
161,161
161,794
161,972
161,322
161,420
162,162
162,189
162,836
162,108
162,83
163,163
163,146
163,418
163,817
163,918
164,164
164,72
164,489
164,600
164,127
165,165
165,166
165,750
165,404
165,296
166,166
166,781
166,750
166,404
166,165
167,167
167,533
167,819
167,971
167,141
168,168
168,793
168,271
168,228
168,838
169,169
169,625
169,977
169,546
169,179
170,170
170,718
170,959
170,514
170,283
171,171
171,665
171,519
171,1
171,741
172,172
172,935
172,459
172,682
172,116
173,173
173,8
173,774
173,605
173,682
174,174
174,954
174,80
174,106
174,525
175,175
175,275
175,534
175,604
175,317
176,176
176,66
176,154
176,812
176,839
177,177
177,386
177,224
177,267
177,914
178,178
178,611
178,724
178,853
178,999
179,179
179,546
179,977
179,889
179,664
180,180
180,444
180,715
180,448
180,592
181,181
181,128
181,981
181,609
181,499
182,182
182,236
182,582
182,12
182,621
183,183
183,118
183,54
183,975
183,449
184,184
184,737
184,480
184,68
184,344
185,185
185,851
185,316
185,204
185,125
186,186
186,73
186,808
186,248
186,378
187,187
187,976
187,858
187,207
187,522
188,188
188,381
188,622
188,457
188,24
189,189
189,162
189,836
189,108
189,83
190,190
190,94
190,407
190,509
190,756
191,191
191,880
191,745
191,493
191,780
192,192
192,813
192,267
192,927
192,896
193,193
193,930
193,458
193,110
193,105
194,194
194,228
194,767
194,557
194,793
195,195
195,78
195,137
195,385
195,307
196,196
196,511
196,799
196,517
196,599
197,197
197,566
197,579
197,218
197,289
198,198
198,862
198,896
198,90
198,710
199,199
199,45
199,483
199,851
199,309
200,200
200,628
200,313
200,801
200,520
201,201
201,366
201,921
201,632
201,87
202,202
202,396
202,96
202,598
202,809
203,203
203,309
203,684
203,586
203,205
204,204
204,480
204,140
204,590
204,32
205,205
205,684
205,238
205,203
205,309
206,206
206,825
206,881
206,26
206,906
207,207
207,522
207,187
207,858
207,976
208,208
208,680
208,998
208,795
208,932
209,209
209,909
209,69
209,278
209,456
210,210
210,983
210,848
210,920
210,770
211,211
211,875
211,824
211,114
211,455
212,212
212,991
212,358
212,630
212,901
213,213
213,371
213,60
213,987
213,650
214,214
214,559
214,758
214,736
214,879
215,215
215,820
215,830
215,57
215,113
216,216
216,265
216,633
216,461
216,430
217,217
217,582
217,593
217,12
217,300
218,218
218,579
218,566
218,197
218,289
219,219
219,640
219,662
219,506
219,965
220,220
220,613
220,647
220,156
220,394
221,221
221,548
221,913
221,607
221,785
222,222
222,791
222,67
222,591
222,910
223,223
223,961
223,370
223,439
223,631
224,224
224,914
224,386
224,267
224,177
225,225
225,415
225,748
225,815
225,154
226,226
226,144
226,984
226,811
226,461
227,227
227,513
227,497
227,531
227,652
228,228
228,793
228,557
228,194
228,168
229,229
229,369
229,138
229,928
229,279
230,230
230,300
230,689
230,384
230,593
231,231
231,18
231,65
231,949
231,755
232,232
232,639
232,591
232,910
232,64
233,233
233,721
233,708
233,99
233,494
234,234
234,290
234,555
234,895
234,579
235,235
235,501
235,912
235,462
235,405
236,236
236,182
236,12
236,582
236,621
237,237
237,564
237,732
237,815
237,154
238,238
238,205
238,973
238,684
238,5
239,239
239,720
239,22
239,979
239,707
240,240
240,255
240,778
240,938
240,752
241,241
241,842
241,399
241,615
241,301
242,242
242,838
242,159
242,168
242,264
243,243
243,766
243,495
243,526
243,712
244,244
244,857
244,914
244,224
244,902
245,245
245,712
245,526
245,678
245,321
246,246
246,299
246,376
246,608
246,962
247,247
247,667
247,250
247,827
247,259
248,248
248,73
248,51
248,186
248,568
249,249
249,551
249,360
249,819
249,533
250,250
250,667
250,247
250,259
250,827
251,251
251,653
251,907
251,887
251,36
252,252
252,906
252,881
252,825
252,206
253,253
253,861
253,231
253,18
253,973
254,254
254,695
254,454
254,556
254,958
255,255
255,240
255,752
255,938
255,778
256,256
256,402
256,429
256,809
256,367
257,257
257,13
257,393
257,936
257,475
258,258
258,807
258,563
258,450
258,337
259,259
259,59
259,854
259,929
259,453
260,260
260,567
260,28
260,677
260,505
261,261
261,433
261,527
261,835
261,354
262,262
262,361
262,779
262,95
262,786
263,263
263,273
263,634
263,648
263,29
264,264
264,242
264,648
264,838
264,29
265,265
265,633
265,216
265,446
265,430
266,266
266,124
266,584
266,311
266,934
267,267
267,813
267,224
267,192
267,914
268,268
268,725
268,395
268,47
268,911
269,269
269,157
269,318
269,499
269,609
270,270
270,447
270,943
270,666
270,294
271,271
271,168
271,838
271,457
271,242
272,272
272,893
272,823
272,304
272,967
273,273
273,263
273,634
273,648
273,29
274,274
274,479
274,899
274,339
274,790
275,275
275,175
275,534
275,604
275,317
276,276
276,985
276,891
276,159
276,328
277,277
277,2
277,849
277,327
277,997
278,278
278,456
278,69
278,909
278,704
279,279
279,369
279,636
279,229
279,138
280,280
280,428
280,790
280,33
280,339
281,281
281,612
281,883
281,53
281,135
282,282
282,787
282,683
282,401
282,884
283,283
283,644
283,74
283,38
283,298
284,284
284,451
284,886
284,932
284,795
285,285
285,583
285,588
285,772
285,71
286,286
286,826
286,782
286,460
286,874
287,287
287,649
287,673
287,387
287,49
288,288
288,629
288,963
288,994
288,85
289,289
289,846
289,617
289,773
289,218
290,290
290,555
290,234
290,895
290,579
291,291
291,485
291,400
291,123
291,989
292,292
292,2
292,550
292,653
292,887
293,293
293,602
293,19
293,975
293,183
294,294
294,943
294,694
294,666
294,270
295,295
295,15
295,924
295,844
295,803
296,296
296,398
296,750
296,92
296,348
297,297
297,490
297,53
297,135
297,301
298,298
298,38
298,74
298,308
298,831
299,299
299,608
299,376
299,477
299,246
300,300
300,230
300,593
300,384
300,689
301,301
301,490
301,297
301,580
301,615
302,302
302,354
302,61
302,942
302,592
303,303
303,469
303,82
303,9
303,576
304,304
304,893
304,272
304,816
304,829
305,305
305,379
305,751
305,740
305,352
306,306
306,696
306,634
306,878
306,749
307,307
307,78
307,146
307,817
307,918
308,308
308,831
308,298
308,38
308,74
309,309
309,203
309,45
309,684
309,205
310,310
310,729
310,423
310,668
310,690
311,311
311,266
311,584
311,124
311,612
312,312
312,7
312,612
312,281
312,311
313,313
313,200
313,628
313,801
313,520
314,314
314,40
314,586
314,742
314,368
315,315
315,863
315,701
315,25
315,931
316,316
316,955
316,543
316,117
316,185
317,317
317,275
317,175
317,727
317,360
318,318
318,157
318,269
318,499
318,609
319,319
319,618
319,357
319,437
319,52
320,320
320,657
320,956
320,389
320,552
321,321
321,338
321,10
321,565
321,678
322,322
322,152
322,161
322,420
322,794
323,323
323,160
323,20
323,51
323,248
324,324
324,536
324,788
324,672
324,940
325,325
325,438
325,550
325,207
325,522
326,326
326,31
326,642
326,91
326,313
327,327
327,849
327,277
327,997
327,892
328,328
328,891
328,179
328,985
328,276
329,329
329,780
329,493
329,745
329,967
330,330
330,761
330,730
330,864
330,97
331,331
331,149
331,595
331,905
331,410
332,332
332,709
332,73
332,496
332,58
333,333
333,828
333,894
333,879
333,559
334,334
334,407
334,888
334,948
334,47
335,335
335,88
335,669
335,44
335,711
336,336
336,922
336,703
336,98
336,885
337,337
337,744
337,107
337,563
337,450
338,338
338,321
338,10
338,565
338,678
339,339
339,479
339,790
339,274
339,428
340,340
340,792
340,52
340,978
340,126
341,341
341,697
341,983
341,666
341,447
342,342
342,411
342,322
342,152
342,161
343,343
343,43
343,936
343,760
343,13
344,344
344,737
344,480
344,464
344,28
345,345
345,303
345,576
345,82
345,469
346,346
346,367
346,256
346,976
346,187
347,347
347,76
347,56
347,756
347,670
348,348
348,404
348,92
348,750
348,398
349,349
349,614
349,926
349,738
349,384
350,350
350,940
350,672
350,733
350,788
351,351
351,91
351,642
351,868
351,114
352,352
352,379
352,751
352,740
352,704
353,353
353,359
353,865
353,127
353,3
354,354
354,302
354,61
354,942
354,433
355,355
355,141
355,533
355,167
355,971
356,356
356,747
356,894
356,828
356,333
357,357
357,437
357,618
357,319
357,937
358,358
358,212
358,901
358,991
358,675
359,359
359,3
359,445
359,377
359,865
360,360
360,819
360,533
360,249
360,551
361,361
361,262
361,779
361,95
361,786
362,362
362,993
362,387
362,931
362,649
363,363
363,804
363,435
363,994
363,760
364,364
364,597
364,978
364,373
364,340
365,365
365,414
365,102
365,517
365,685
366,366
366,921
366,201
366,655
366,87
367,367
367,346
367,256
367,402
367,118
368,368
368,32
368,590
368,140
368,112
369,369
369,279
369,229
369,138
369,636
370,370
370,439
370,961
370,223
370,496
371,371
371,987
371,213
371,927
371,896
372,372
372,22
372,752
372,239
372,923
373,373
373,963
373,529
373,597
373,364
374,374
374,4
374,378
374,709
374,73
375,375
375,951
375,996
375,49
375,673
376,376
376,962
376,608
376,299
376,246
377,377
377,830
377,445
377,714
377,820
378,378
378,374
378,709
378,4
378,73
379,379
379,352
379,751
379,305
379,740
380,380
380,544
380,767
380,473
380,557
381,381
381,188
381,622
381,743
381,24
382,382
382,131
382,518
382,798
382,569
383,383
383,64
383,910
383,591
383,232
384,384
384,738
384,926
384,230
384,614
385,385
385,432
385,704
385,137
385,456
386,386
386,177
386,224
386,914
386,857
387,387
387,993
387,49
387,673
387,649
388,388
388,833
388,134
388,412
388,440
389,389
389,552
389,956
389,705
389,657
390,390
390,650
390,594
390,497
390,531
391,391
391,419
391,71
391,772
391,917
392,392
392,601
392,808
392,222
392,791
393,393
393,257
393,13
393,120
393,706
394,394
394,613
394,647
394,156
394,220
395,395
395,47
395,911
395,871
395,725
396,396
396,96
396,202
396,809
396,598
397,397
397,502
397,625
397,169
397,977
398,398
398,92
398,348
398,750
398,296
399,399
399,842
399,616
399,27
399,939
400,400
400,485
400,291
400,698
400,840
401,401
401,787
401,282
401,884
401,992
402,402
402,809
402,256
402,598
402,367
403,403
403,126
403,83
403,836
403,937
404,404
404,781
404,348
404,750
404,398
405,405
405,501
405,462
405,855
405,574
406,406
406,466
406,121
406,270
406,943
407,407
407,334
407,888
407,190
407,94
408,408
408,235
408,786
408,501
408,405
409,409
409,130
409,148
409,421
409,152
410,410
410,55
410,905
410,149
410,595
411,411
411,342
411,322
411,152
411,148
412,412
412,440
412,677
412,388
412,505
413,413
413,541
413,707
413,979
413,603
414,414
414,365
414,864
414,103
414,730
415,415
415,225
415,815
415,154
415,748
416,416
416,39
416,622
416,933
416,960
417,417
417,957
417,547
417,668
417,690
418,418
418,817
418,163
418,644
418,283
419,419
419,391
419,71
419,772
419,676
420,420
420,152
420,322
420,161
420,409
421,421
421,130
421,681
421,409
421,148
422,422
422,555
422,218
422,579
422,290
423,423
423,310
423,425
423,969
423,729
424,424
424,465
424,669
424,150
424,84
425,425
425,423
425,969
425,119
425,41
426,426
426,726
426,413
426,541
426,442
427,427
427,685
427,102
427,365
427,414
428,428
428,790
428,33
428,280
428,837
429,429
429,988
429,516
429,858
429,762
430,430
430,446
430,633
430,265
430,216
431,431
431,0
431,680
431,208
431,635
432,432
432,704
432,385
432,115
432,456
433,433
433,261
433,527
433,835
433,354
434,434
434,531
434,886
434,795
434,650
435,435
435,804
435,363
435,521
435,919
436,436
436,621
436,165
436,182
436,487
437,437
437,357
437,618
437,319
437,46
438,438
438,2
438,325
438,277
438,516
439,439
439,961
439,370
439,496
439,58
440,440
440,412
440,505
440,677
440,903
441,441
441,716
441,448
441,524
441,48
442,442
442,426
442,743
442,778
442,726
443,443
443,599
443,517
443,799
443,365
444,444
444,180
444,715
444,448
444,592
445,445
445,830
445,820
445,377
445,3
446,446
446,430
446,633
446,265
446,23
447,447
447,666
447,270
447,943
447,294
448,448
448,716
448,441
448,715
448,180
449,449
449,54
449,700
449,183
449,118
450,450
450,563
450,474
450,107
450,337
451,451
451,284
451,932
451,886
451,795
452,452
452,796
452,723
452,918
452,146
453,453
453,929
453,854
453,841
453,59
454,454
454,556
454,695
454,254
454,958
455,455
455,876
455,50
455,961
455,223
456,456
456,278
456,704
456,69
456,385
457,457
457,622
457,416
457,39
457,188
458,458
458,110
458,553
458,193
458,930
459,459
459,682
459,605
459,116
459,774
460,460
460,782
460,826
460,286
460,783
461,461
461,811
461,265
461,216
461,633
462,462
462,501
462,405
462,855
462,912
463,463
463,997
463,34
463,892
463,849
464,464
464,923
464,344
464,737
464,28
465,465
465,424
465,150
465,669
465,84
466,466
466,406
466,121
466,43
466,270
467,467
467,393
467,475
467,919
467,13
468,468
468,147
468,982
468,625
468,638
469,469
469,82
469,9
469,303
469,576
470,470
470,522
470,600
470,207
470,976
471,471
471,509
471,94
471,190
471,626
472,472
472,719
472,869
472,785
472,548
473,473
473,557
473,767
473,544
473,380
474,474
474,450
474,563
474,946
474,107
475,475
475,13
475,257
475,393
475,919
476,476
476,610
476,660
476,553
476,110
477,477
477,608
477,299
477,376
477,646
478,478
478,515
478,81
478,827
478,247
479,479
479,274
479,339
479,899
479,790
480,480
480,737
480,204
480,344
480,184
481,481
481,135
481,507
481,490
481,297
482,482
482,14
482,770
482,834
482,920
483,483
483,861
483,199
483,973
483,309
484,484
484,35
484,945
484,700
484,560
485,485
485,291
485,400
485,123
485,989
486,486
486,810
486,960
486,39
486,416
487,487
487,236
487,621
487,182
487,12
488,488
488,911
488,871
488,47
488,395
489,489
489,72
489,164
489,942
489,353
490,490
490,297
490,53
490,135
490,301
491,491
491,769
491,724
491,611
491,930
492,492
492,562
492,624
492,746
492,859
493,493
493,745
493,191
493,780
493,329
494,494
494,99
494,721
494,233
494,708
495,495
495,766
495,243
495,526
495,712
496,496
496,596
496,439
496,58
496,370
497,497
497,594
497,390
497,650
497,90
498,498
498,754
498,753
498,806
498,588
499,499
499,609
499,981
499,128
499,181
500,500
500,944
500,75
500,508
500,966
501,501
501,462
501,405
501,855
501,912
502,502
502,397
502,625
502,169
502,977
503,503
503,115
503,783
503,137
503,432
504,504
504,789
504,716
504,441
504,448
505,505
505,95
505,440
505,903
505,412
506,506
506,640
506,219
506,662
506,48
507,507
507,580
507,638
507,481
507,135
508,508
508,966
508,733
508,75
508,500
509,509
509,94
509,471
509,190
509,756
510,510
510,635
510,606
510,652
510,844
511,511
511,196
511,799
511,38
511,298
512,512
512,739
512,558
512,798
512,131
513,513
513,575
513,537
513,227
513,652
514,514
514,170
514,959
514,718
514,74
515,515
515,478
515,81
515,827
515,247
516,516
516,988
516,429
516,762
516,858
517,517
517,599
517,196
517,799
517,443
518,518
518,131
518,382
518,798
518,547
519,519
519,741
519,665
519,1
519,877
520,520
520,801
520,907
520,628
520,200
521,521
521,435
521,683
521,787
521,804
522,522
522,207
522,470
522,187
522,976
523,523
523,815
523,564
523,415
523,225
524,524
524,48
524,441
524,716
524,965
525,525
525,542
525,106
525,80
525,954
526,526
526,712
526,495
526,245
526,243
527,527
527,835
527,433
527,261
527,346
528,528
528,768
528,958
528,695
528,454
529,529
529,85
529,963
529,373
529,288
530,530
530,645
530,70
530,595
530,748
531,531
531,434
531,390
531,497
531,594
532,532
532,93
532,42
532,822
532,873
533,533
533,167
533,819
533,141
533,971
534,534
534,108
534,604
534,175
534,275
535,535
535,615
535,578
535,139
535,623
536,536
536,324
536,788
536,571
536,672
537,537
537,693
537,513
537,652
537,474
538,538
538,689
538,916
538,217
538,621
539,539
539,89
539,93
539,337
539,744
540,540
540,753
540,959
540,514
540,170
541,541
541,979
541,707
541,413
541,720
542,542
542,525
542,106
542,80
542,954
543,543
543,117
543,955
543,861
543,316
544,544
544,767
544,380
544,473
544,557
545,545
545,743
545,778
545,585
545,24
546,546
546,977
546,179
546,889
546,664
547,547
547,518
547,131
547,382
547,569
548,548
548,913
548,221
548,869
548,719
549,549
549,732
549,641
549,1
549,519
550,550
550,656
550,325
550,600
550,292
551,551
551,249
551,360
551,819
551,533
552,552
552,956
552,389
552,705
552,657
553,553
553,110
553,660
553,458
553,105
554,554
554,975
554,602
554,698
554,781
555,555
555,290
555,234
555,579
555,895
556,556
556,454
556,695
556,254
556,958
557,557
557,473
557,767
557,544
557,228
558,558
558,798
558,512
558,856
558,131
559,559
559,758
559,214
559,333
559,879
560,560
560,945
560,574
560,915
560,855
561,561
561,775
561,702
561,577
561,764
562,562
562,624
562,492
562,570
562,859
563,563
563,450
563,474
563,337
563,258
564,564
564,815
564,523
564,237
564,415
565,565
565,678
565,321
565,338
565,10
566,566
566,197
566,579
566,218
566,289
567,567
567,260
567,28
567,505
567,677
568,568
568,50
568,58
568,876
568,802
569,569
569,974
569,382
569,131
569,518
570,570
570,624
570,562
570,122
570,722
571,571
571,731
571,536
571,324
571,77
572,572
572,872
572,609
572,499
572,194
573,573
573,651
573,777
573,710
573,575
574,574
574,855
574,462
574,912
574,501
575,575
575,513
575,537
575,227
575,573
576,576
576,82
576,303
576,469
576,9
577,577
577,764
577,702
577,561
577,775
578,578
578,615
578,535
578,139
578,623
579,579
579,566
579,197
579,218
579,234
580,580
580,623
580,637
580,578
580,139
581,581
581,699
581,728
581,937
581,403
582,582
582,12
582,182
582,217
582,236
583,583
583,285
583,588
583,772
583,71
584,584
584,124
584,939
584,900
584,266
585,585
585,925
585,882
585,24
585,545
586,586
586,40
586,203
586,314
586,309
587,587
587,708
587,99
587,233
587,494
588,588
588,583
588,285
588,772
588,71
589,589
589,663
589,800
589,990
589,711
590,590
590,32
590,140
590,368
590,851
591,591
591,232
591,67
591,791
591,910
592,592
592,942
592,180
592,444
592,715
593,593
593,133
593,300
593,843
593,217
594,594
594,497
594,390
594,650
594,90
595,595
595,410
595,149
595,55
595,748
596,596
596,496
596,332
596,439
596,370
597,597
597,364
597,978
597,373
597,832
598,598
598,762
598,809
598,202
598,429
599,599
599,799
599,443
599,517
599,196
600,600
600,470
600,656
600,522
600,325
601,601
601,392
601,808
601,186
601,4
602,602
602,975
602,554
602,293
602,183
603,603
603,413
603,726
603,541
603,426
604,604
604,534
604,108
604,727
604,275
605,605
605,774
605,682
605,459
605,8
606,606
606,844
606,867
606,635
606,510
607,607
607,221
607,908
607,913
607,548
608,608
608,376
608,299
608,477
608,962
609,609
609,981
609,499
609,128
609,181
610,610
610,660
610,476
610,553
610,110
611,611
611,724
611,178
611,769
611,930
612,612
612,281
612,883
612,53
612,311
613,613
613,220
613,647
613,156
613,394
614,614
614,349
614,738
614,926
614,384
615,615
615,535
615,578
615,139
615,623
616,616
616,27
616,939
616,900
616,584
617,617
617,846
617,289
617,773
617,218
618,618
618,319
618,357
618,437
618,52
619,619
619,690
619,870
619,957
619,636
620,620
620,890
620,739
620,834
620,512
621,621
621,182
621,236
621,582
621,12
622,622
622,457
622,416
622,188
622,24
623,623
623,637
623,139
623,580
623,578
624,624
624,562
624,859
624,570
624,492
625,625
625,169
625,977
625,546
625,179
626,626
626,471
626,875
626,509
626,76
627,627
627,46
627,132
627,41
627,437
628,628
628,200
628,313
628,801
628,520
629,629
629,288
629,994
629,760
629,963
630,630
630,991
630,212
630,358
630,901
631,631
631,223
631,868
631,370
631,961
632,632
632,6
632,87
632,928
632,655
633,633
633,265
633,446
633,430
633,216
634,634
634,306
634,263
634,696
634,273
635,635
635,510
635,606
635,844
635,867
636,636
636,279
636,870
636,369
636,132
637,637
637,623
637,139
637,580
637,578
638,638
638,982
638,147
638,507
638,468
639,639
639,232
639,591
639,910
639,64
640,640
640,219
640,662
640,506
640,965
641,641
641,1
641,549
641,519
641,171
642,642
642,351
642,91
642,326
642,868
643,643
643,659
643,136
643,88
643,669
644,644
644,283
644,418
644,817
644,74
645,645
645,530
645,70
645,595
645,748
646,646
646,941
646,84
646,150
646,477
647,647
647,156
647,613
647,220
647,394
648,648
648,29
648,263
648,273
648,960
649,649
649,287
649,387
649,673
649,993
650,650
650,390
650,594
650,497
650,531
651,651
651,573
651,777
651,710
651,575
652,652
652,510
652,537
652,693
652,513
653,653
653,887
653,36
653,251
653,292
654,654
654,768
654,100
654,528
654,958
655,655
655,87
655,928
655,848
655,632
656,656
656,550
656,600
656,325
656,127
657,657
657,986
657,389
657,320
657,679
658,658
658,889
658,664
658,328
658,179
659,659
659,643
659,136
659,88
659,11
660,660
660,610
660,553
660,476
660,110
661,661
661,735
661,430
661,446
661,633
662,662
662,219
662,640
662,506
662,965
663,663
663,589
663,800
663,711
663,990
664,664
664,889
664,546
664,658
664,179
665,665
665,519
665,877
665,171
665,741
666,666
666,447
666,270
666,294
666,943
667,667
667,247
667,250
667,827
667,259
668,668
668,729
668,310
668,957
668,690
669,669
669,424
669,88
669,465
669,711
670,670
670,687
670,701
670,25
670,863
671,671
671,675
671,901
671,358
671,156
672,672
672,940
672,350
672,733
672,324
673,673
673,49
673,387
673,375
673,649
674,674
674,138
674,974
674,369
674,229
675,675
675,671
675,901
675,358
675,156
676,676
676,723
676,796
676,980
676,419
677,677
677,412
677,440
677,567
677,260
678,678
678,565
678,321
678,338
678,10
679,679
679,713
679,986
679,62
679,657
680,680
680,208
680,998
680,795
680,0
681,681
681,847
681,421
681,130
681,148
682,682
682,459
682,605
682,774
682,116
683,683
683,787
683,282
683,401
683,884
684,684
684,205
684,203
684,309
684,238
685,685
685,102
685,427
685,365
685,414
686,686
686,488
686,287
686,871
686,931
687,687
687,670
687,701
687,863
687,25
688,688
688,143
688,703
688,21
688,151
689,689
689,230
689,300
689,217
689,384
690,690
690,619
690,870
690,957
690,668
691,691
691,843
691,706
691,133
691,120
692,692
692,873
692,822
692,42
692,803
693,693
693,537
693,946
693,474
693,450
694,694
694,964
694,294
694,705
694,552
695,695
695,454
695,556
695,254
695,958
696,696
696,306
696,878
696,634
696,749
697,697
697,341
697,983
697,666
697,447
698,698
698,840
698,989
698,554
698,123
699,699
699,728
699,119
699,627
699,581
700,700
700,449
700,54
700,118
700,183
701,701
701,863
701,315
701,25
701,687
702,702
702,577
702,561
702,764
702,775
703,703
703,922
703,336
703,21
703,805
704,704
704,432
704,456
704,385
704,278
705,705
705,155
705,952
705,389
705,552
706,706
706,691
706,843
706,120
706,133
707,707
707,979
707,541
707,413
707,720
708,708
708,587
708,233
708,99
708,721
709,709
709,378
709,332
709,73
709,374
710,710
710,198
710,862
710,896
710,777
711,711
711,800
711,663
711,589
711,669
712,712
712,526
712,245
712,495
712,766
713,713
713,679
713,986
713,62
713,926
714,714
714,377
714,830
714,445
714,820
715,715
715,180
715,448
715,444
715,716
716,716
716,441
716,448
716,524
716,48
717,717
717,111
717,884
717,992
717,282
718,718
718,170
718,514
718,959
718,283
719,719
719,472
719,869
719,548
719,913
720,720
720,239
720,979
720,707
720,541
721,721
721,99
721,233
721,494
721,708
722,722
722,866
722,570
722,932
722,998
723,723
723,918
723,452
723,796
723,146
724,724
724,611
724,769
724,930
724,193
725,725
725,268
725,395
725,47
725,911
726,726
726,426
726,603
726,413
726,541
727,727
727,832
727,604
727,534
727,275
728,728
728,119
728,699
728,425
728,41
729,729
729,668
729,310
729,423
729,957
730,730
730,330
730,761
730,864
730,97
731,731
731,788
731,571
731,324
731,536
732,732
732,549
732,237
732,641
732,1
733,733
733,508
733,966
733,75
733,940
734,734
734,784
734,30
734,814
734,845
735,735
735,430
735,216
735,446
735,633
736,736
736,556
736,454
736,695
736,254
737,737
737,344
737,480
737,184
737,464
738,738
738,614
738,349
738,926
738,384
739,739
739,512
739,890
739,558
739,798
740,740
740,379
740,305
740,352
740,751
741,741
741,519
741,877
741,665
741,1
742,742
742,882
742,925
742,585
742,112
743,743
743,545
743,442
743,24
743,778
744,744
744,107
744,337
744,450
744,539
745,745
745,191
745,780
745,880
745,493
746,746
746,492
746,79
746,562
746,122
747,747
747,356
747,894
747,828
747,333
748,748
748,225
748,55
748,415
748,410
749,749
749,634
749,306
749,696
749,5
750,750
750,404
750,348
750,398
750,781
751,751
751,379
751,352
751,305
751,740
752,752
752,255
752,239
752,240
752,720
753,753
753,540
753,959
753,170
753,498
754,754
754,498
754,806
754,129
754,86
755,755
755,65
755,949
755,5
755,18
756,756
756,94
756,190
756,509
756,407
757,757
757,892
757,327
757,849
757,997
758,758
758,559
758,214
758,736
758,333
759,759
759,990
759,663
759,589
759,711
760,760
760,994
760,43
760,629
760,288
761,761
761,330
761,730
761,97
761,864
762,762
762,598
762,516
762,988
762,429
763,763
763,134
763,833
763,388
763,560
764,764
764,577
764,702
764,561
764,775
765,765
765,107
765,946
765,744
765,474
766,766
766,243
766,495
766,526
766,712
767,767
767,557
767,473
767,544
767,380
768,768
768,528
768,958
768,695
768,556
769,769
769,724
769,930
769,193
769,611
770,770
770,14
770,920
770,482
770,983
771,771
771,823
771,839
771,812
771,877
772,772
772,71
772,583
772,285
772,588
773,773
773,617
773,846
773,289
773,218
774,774
774,8
774,605
774,173
774,682
775,775
775,561
775,734
775,702
775,577
776,776
776,104
776,903
776,405
776,501
777,777
777,651
777,573
777,710
777,177
778,778
778,545
778,240
778,442
778,743
779,779
779,361
779,262
779,68
779,786
780,780
780,745
780,967
780,329
780,191
781,781
781,404
781,348
781,554
781,750
782,782
782,826
782,286
782,460
782,874
783,783
783,796
783,503
783,980
783,452
784,784
784,30
784,845
784,814
784,734
785,785
785,221
785,908
785,548
785,913
786,786
786,262
786,361
786,104
786,779
787,787
787,683
787,282
787,401
787,884
788,788
788,324
788,536
788,731
788,350
789,789
789,504
789,716
789,448
789,715
790,790
790,428
790,33
790,837
790,280
791,791
791,67
791,222
791,591
791,910
792,792
792,340
792,52
792,126
792,83
793,793
793,228
793,168
793,194
793,557
794,794
794,972
794,161
794,322
794,420
795,795
795,886
795,932
795,451
795,208
796,796
796,452
796,723
796,918
796,676
797,797
797,101
797,677
797,372
797,412
798,798
798,131
798,518
798,558
798,382
799,799
799,599
799,196
799,511
799,517
800,800
800,663
800,589
800,711
800,990
801,801
801,520
801,628
801,200
801,907
802,802
802,876
802,51
802,50
802,568
803,803
803,692
803,15
803,822
803,295
804,804
804,435
804,363
804,919
804,521
805,805
805,21
805,885
805,143
805,703
806,806
806,129
806,86
806,754
806,106
807,807
807,258
807,337
807,89
807,563
808,808
808,186
808,601
808,73
808,248
809,809
809,402
809,598
809,202
809,256
810,810
810,486
810,960
810,39
810,838
811,811
811,461
811,265
811,216
811,633
812,812
812,66
812,839
812,771
812,176
813,813
813,192
813,267
813,914
813,224
814,814
814,845
814,30
814,784
814,734
815,815
815,564
815,415
815,523
815,225
816,816
816,304
816,17
816,829
816,893
817,817
817,418
817,163
817,644
817,307
818,818
818,999
818,109
818,494
818,99
819,819
819,167
819,533
819,971
819,141
820,820
820,445
820,830
820,377
820,3
821,821
821,953
821,952
821,936
821,155
822,822
822,42
822,873
822,692
822,532
823,823
823,272
823,771
823,893
823,839
824,824
824,875
824,211
824,114
824,31
825,825
825,206
825,881
825,26
825,906
826,826
826,782
826,286
826,460
826,874
827,827
827,81
827,247
827,667
827,478
828,828
828,894
828,333
828,747
828,879
829,829
829,304
829,816
829,893
829,17
830,830
830,445
830,377
830,820
830,714
831,831
831,308
831,298
831,38
831,74
832,832
832,727
832,604
832,534
832,275
833,833
833,134
833,388
833,763
833,412
834,834
834,482
834,145
834,890
834,14
835,835
835,527
835,433
835,346
835,261
836,836
836,83
836,189
836,162
836,108
837,837
837,33
837,428
837,790
837,898
838,838
838,242
838,168
838,810
838,159
839,839
839,812
839,66
839,771
839,823
840,840
840,698
840,989
840,123
840,554
841,841
841,453
841,929
841,854
841,642
842,842
842,399
842,241
842,616
842,27
843,843
843,133
843,691
843,706
843,120
844,844
844,867
844,606
844,946
844,924
845,845
845,30
845,814
845,784
845,734
846,846
846,617
846,289
846,773
846,218
847,847
847,681
847,421
847,130
847,409
848,848
848,210
848,983
848,655
848,974
849,849
849,997
849,327
849,277
849,463
850,850
850,274
850,790
850,33
850,892
851,851
851,199
851,45
851,590
851,32
852,852
852,97
852,761
852,730
852,330
853,853
853,968
853,660
853,458
853,553
854,854
854,929
854,259
854,453
854,59
855,855
855,912
855,574
855,462
855,501
856,856
856,798
856,558
856,158
856,518
857,857
857,244
857,914
857,224
857,386
858,858
858,187
858,976
858,207
858,988
859,859
859,624
859,562
859,570
859,492
860,860
860,123
860,989
860,840
860,915
861,861
861,483
861,253
861,543
861,117
862,862
862,198
862,90
862,896
862,710
863,863
863,701
863,315
863,25
863,687
864,864
864,730
864,103
864,330
864,761
865,865
865,359
865,714
865,377
865,445
866,866
866,932
866,722
866,998
866,451
867,867
867,844
867,606
867,946
867,924
868,868
868,351
868,642
868,631
868,91
869,869
869,913
869,548
869,719
869,221
870,870
870,41
870,636
870,619
870,690
871,871
871,911
871,948
871,47
871,488
872,872
872,572
872,609
872,499
872,194
873,873
873,42
873,822
873,692
873,532
874,874
874,917
874,16
874,980
874,460
875,875
875,211
875,824
875,626
875,455
876,876
876,50
876,802
876,568
876,455
877,877
877,741
877,665
877,519
877,771
878,878
878,696
878,306
878,634
878,684
879,879
879,333
879,214
879,559
879,828
880,880
880,191
880,745
880,780
880,816
881,881
881,906
881,825
881,206
881,252
882,882
882,925
882,742
882,585
882,112
883,883
883,53
883,281
883,612
883,27
884,884
884,111
884,992
884,282
884,401
885,885
885,98
885,805
885,21
885,703
886,886
886,284
886,451
886,795
886,932
887,887
887,36
887,653
887,251
887,292
888,888
888,948
888,334
888,407
888,871
889,889
889,664
889,179
889,546
889,658
890,890
890,739
890,512
890,482
890,834
891,891
891,276
891,985
891,328
891,159
892,892
892,327
892,463
892,757
892,997
893,893
893,272
893,304
893,823
893,829
894,894
894,828
894,747
894,333
894,356
895,895
895,949
895,65
895,290
895,231
896,896
896,198
896,862
896,987
896,710
897,897
897,596
897,370
897,496
897,688
898,898
898,837
898,396
898,33
898,96
899,899
899,274
899,479
899,947
899,339
900,900
900,939
900,934
900,584
900,616
901,901
901,671
901,675
901,358
901,212
902,902
902,857
902,244
902,914
902,224
903,903
903,104
903,505
903,776
903,95
904,904
904,89
904,539
904,807
904,142
905,905
905,149
905,410
905,829
905,55
906,906
906,881
906,252
906,825
906,206
907,907
907,520
907,801
907,251
907,628
908,908
908,142
908,607
908,785
908,221
909,909
909,69
909,209
909,278
909,456
910,910
910,64
910,383
910,591
910,232
911,911
911,47
911,395
911,871
911,488
912,912
912,855
912,462
912,501
912,574
913,913
913,548
913,221
913,869
913,607
914,914
914,224
914,244
914,857
914,267
915,915
915,912
915,855
915,860
915,37
916,916
916,995
916,689
916,345
916,576
917,917
917,16
917,874
917,391
917,980
918,918
918,146
918,723
918,163
918,452
919,919
919,475
919,804
919,435
919,467
920,920
920,770
920,14
920,983
920,382
921,921
921,366
921,201
921,655
921,87
922,922
922,703
922,336
922,98
922,21
923,923
923,464
923,752
923,372
923,344
924,924
924,15
924,295
924,867
924,844
925,925
925,882
925,585
925,742
925,24
926,926
926,349
926,614
926,738
926,384
927,927
927,987
927,896
927,192
927,371
928,928
928,87
928,229
928,655
928,138
929,929
929,854
929,453
929,259
929,59
930,930
930,193
930,458
930,110
930,105
931,931
931,315
931,863
931,701
931,25
932,932
932,451
932,284
932,866
932,795
933,933
933,970
933,416
933,39
933,960
934,934
934,900
934,124
934,584
934,266
935,935
935,172
935,459
935,682
935,116
936,936
936,257
936,13
936,343
936,821
937,937
937,126
937,52
937,792
937,357
938,938
938,255
938,240
938,112
938,752
939,939
939,616
939,27
939,900
939,584
940,940
940,672
940,350
940,733
940,966
941,941
941,646
941,84
941,150
941,477
942,942
942,592
942,302
942,180
942,354
943,943
943,294
943,270
943,447
943,666
944,944
944,500
944,508
944,75
944,966
945,945
945,560
945,860
945,989
945,123
946,946
946,474
946,693
946,867
946,844
947,947
947,899
947,173
947,8
947,303
948,948
948,888
948,871
948,334
948,47
949,949
949,65
949,755
949,895
949,231
950,950
950,3
950,820
950,445
950,359
951,951
951,375
951,996
951,49
951,673
952,952
952,155
952,705
952,953
952,821
953,953
953,821
953,952
953,155
953,936
954,954
954,80
954,174
954,106
954,525
955,955
955,543
955,316
955,117
955,199
956,956
956,552
956,389
956,705
956,320
957,957
957,417
957,690
957,668
957,619
958,958
958,695
958,556
958,454
958,254
959,959
959,170
959,514
959,540
959,718
960,960
960,486
960,810
960,39
960,29
961,961
961,439
961,370
961,223
961,496
962,962
962,376
962,284
962,608
962,451
963,963
963,288
963,85
963,529
963,629
964,964
964,694
964,294
964,552
964,145
965,965
965,524
965,48
965,219
965,506
966,966
966,508
966,75
966,733
966,500
967,967
967,304
967,780
967,272
967,893
968,968
968,853
968,109
968,999
968,660
969,969
969,425
969,423
969,310
969,729
970,970
970,933
970,29
970,648
970,882
971,971
971,167
971,819
971,533
971,141
972,972
972,794
972,161
972,322
972,420
973,973
973,238
973,18
973,231
973,205
974,974
974,674
974,569
974,138
974,848
975,975
975,602
975,554
975,183
975,293
976,976
976,187
976,858
976,207
976,522
977,977
977,546
977,179
977,889
977,169
978,978
978,340
978,364
978,792
978,52
979,979
979,707
979,541
979,413
979,720
980,980
980,676
980,783
980,419
980,874
981,981
981,609
981,499
981,128
981,181
982,982
982,468
982,147
982,638
982,637
983,983
983,210
983,920
983,770
983,848
984,984
984,144
984,811
984,226
984,461
985,985
985,276
985,891
985,159
985,328
986,986
986,679
986,657
986,713
986,389
987,987
987,896
987,927
987,371
987,862
988,988
988,516
988,429
988,858
988,762
989,989
989,123
989,840
989,698
989,860
990,990
990,759
990,663
990,589
990,711
991,991
991,212
991,630
991,358
991,901
992,992
992,111
992,884
992,401
992,717
993,993
993,387
993,362
993,649
993,49
994,994
994,760
994,629
994,288
994,43
995,995
995,63
995,738
995,916
995,614
996,996
996,951
996,375
996,49
996,673
997,997
997,849
997,463
997,327
997,277
998,998
998,680
998,866
998,208
998,932
999,999
999,968
999,178
999,853
999,818
